-- ============================================
-- Script SQL - Dados de Exemplo para SGSB-WEB
-- Banco: sgsb
-- ============================================

USE sgsb;
GO

-- Limpar dados existentes (opcional - descomente se quiser limpar primeiro)
-- DELETE FROM BARRAGEM;
-- DELETE FROM TIPO_MATERIAL_BARRAGEM;
-- DELETE FROM TIPO_ESTRUTURA_BARRAGEM;
-- DELETE FROM CONDICAO_FUNDACAO;
-- GO

-- ============================================
-- 1. TIPO_MATERIAL_BARRAGEM
-- ============================================
IF NOT EXISTS (SELECT 1 FROM TIPO_MATERIAL_BARRAGEM WHERE ID = 1)
BEGIN
    INSERT INTO TIPO_MATERIAL_BARRAGEM (ID, STR_NOME, DT_DATA_CADASTRO, DT_DATA_ALTERACAO)
    VALUES (1, 'Terra/Enrocamento', GETDATE(), GETDATE());
END

IF NOT EXISTS (SELECT 1 FROM TIPO_MATERIAL_BARRAGEM WHERE ID = 2)
BEGIN
    INSERT INTO TIPO_MATERIAL_BARRAGEM (ID, STR_NOME, DT_DATA_CADASTRO, DT_DATA_ALTERACAO)
    VALUES (2, 'Concreto', GETDATE(), GETDATE());
END

IF NOT EXISTS (SELECT 1 FROM TIPO_MATERIAL_BARRAGEM WHERE ID = 3)
BEGIN
    INSERT INTO TIPO_MATERIAL_BARRAGEM (ID, STR_NOME, DT_DATA_CADASTRO, DT_DATA_ALTERACAO)
    VALUES (3, 'Concreto Compactado a Rolo (CCR)', GETDATE(), GETDATE());
END

IF NOT EXISTS (SELECT 1 FROM TIPO_MATERIAL_BARRAGEM WHERE ID = 4)
BEGIN
    INSERT INTO TIPO_MATERIAL_BARRAGEM (ID, STR_NOME, DT_DATA_CADASTRO, DT_DATA_ALTERACAO)
    VALUES (4, 'Mista', GETDATE(), GETDATE());
END

-- ============================================
-- 2. TIPO_ESTRUTURA_BARRAGEM
-- ============================================
IF NOT EXISTS (SELECT 1 FROM TIPO_ESTRUTURA_BARRAGEM WHERE ID = 1)
BEGIN
    INSERT INTO TIPO_ESTRUTURA_BARRAGEM (ID, STR_NOME, DT_DATA_CADASTRO, DT_DATA_ALTERACAO)
    VALUES (1, 'Aterro', GETDATE(), GETDATE());
END

IF NOT EXISTS (SELECT 1 FROM TIPO_ESTRUTURA_BARRAGEM WHERE ID = 2)
BEGIN
    INSERT INTO TIPO_ESTRUTURA_BARRAGEM (ID, STR_NOME, DT_DATA_CADASTRO, DT_DATA_ALTERACAO)
    VALUES (2, 'Gravidade', GETDATE(), GETDATE());
END

IF NOT EXISTS (SELECT 1 FROM TIPO_ESTRUTURA_BARRAGEM WHERE ID = 3)
BEGIN
    INSERT INTO TIPO_ESTRUTURA_BARRAGEM (ID, STR_NOME, DT_DATA_CADASTRO, DT_DATA_ALTERACAO)
    VALUES (3, 'Arco', GETDATE(), GETDATE());
END

IF NOT EXISTS (SELECT 1 FROM TIPO_ESTRUTURA_BARRAGEM WHERE ID = 4)
BEGIN
    INSERT INTO TIPO_ESTRUTURA_BARRAGEM (ID, STR_NOME, DT_DATA_CADASTRO, DT_DATA_ALTERACAO)
    VALUES (4, 'Contenção', GETDATE(), GETDATE());
END

-- ============================================
-- 3. CONDICAO_FUNDACAO
-- ============================================
IF NOT EXISTS (SELECT 1 FROM CONDICAO_FUNDACAO WHERE ID = 1)
BEGIN
    INSERT INTO CONDICAO_FUNDACAO (ID, STR_NOME, DT_DATA_CADASTRO, DT_DATA_ALTERACAO)
    VALUES (1, 'Rocha Sã', GETDATE(), GETDATE());
END

IF NOT EXISTS (SELECT 1 FROM CONDICAO_FUNDACAO WHERE ID = 2)
BEGIN
    INSERT INTO CONDICAO_FUNDACAO (ID, STR_NOME, DT_DATA_CADASTRO, DT_DATA_ALTERACAO)
    VALUES (2, 'Rocha Alterada', GETDATE(), GETDATE());
END

IF NOT EXISTS (SELECT 1 FROM CONDICAO_FUNDACAO WHERE ID = 3)
BEGIN
    INSERT INTO CONDICAO_FUNDACAO (ID, STR_NOME, DT_DATA_CADASTRO, DT_DATA_ALTERACAO)
    VALUES (3, 'Solo Residual', GETDATE(), GETDATE());
END

IF NOT EXISTS (SELECT 1 FROM CONDICAO_FUNDACAO WHERE ID = 4)
BEGIN
    INSERT INTO CONDICAO_FUNDACAO (ID, STR_NOME, DT_DATA_CADASTRO, DT_DATA_ALTERACAO)
    VALUES (4, 'Solo Sedimentar', GETDATE(), GETDATE());
END

-- ============================================
-- 4. BARRAGEM - Dados de Exemplo
-- ============================================

-- Barragem 1: Barragem de Sobradinho (BA)
IF NOT EXISTS (SELECT 1 FROM BARRAGEM WHERE ID = 1)
BEGIN
    INSERT INTO BARRAGEM (
        ID, STR_Nome, STR_BACIA_HIDROGRAFICA_ABRANGENCIA, STR_CURSO_DAGUA_BARRADO,
        STR_ANO_CONCLUSAO, STR_IDADE_BARRAGEM, DB_ALTURA_MAXIMA, DB_COMPRIMENTO_COROAMENTO,
        DB_LARGURA_COROAMENTO_BARRAGEM, DB_COTA_COROAMENTO_BARRAGEM,
        STR_LATITUDE, STR_LONGITUDE, TIPO_MATERIAL_ID, TIPO_ESTRUTURA_ID, CONDICAO_FUNDACAO_ID,
        DT_DATA_CADASTRO, DT_DATA_ALTERACAO
    )
    VALUES (
        1, 'Barragem de Sobradinho', 'Bacia do Rio São Francisco', 'Rio São Francisco',
        '1979', '45', 41.0, 12000.0, 12.0, 392.5,
        '-9.4683', '-40.8125', 1, 1, 1,
        GETDATE(), GETDATE()
    );
END

-- Barragem 2: Barragem de Itaipu (PR)
IF NOT EXISTS (SELECT 1 FROM BARRAGEM WHERE ID = 2)
BEGIN
    INSERT INTO BARRAGEM (
        ID, STR_Nome, STR_BACIA_HIDROGRAFICA_ABRANGENCIA, STR_CURSO_DAGUA_BARRADO,
        STR_ANO_CONCLUSAO, STR_IDADE_BARRAGEM, DB_ALTURA_MAXIMA, DB_COMPRIMENTO_COROAMENTO,
        DB_LARGURA_COROAMENTO_BARRAGEM, DB_COTA_COROAMENTO_BARRAGEM,
        STR_LATITUDE, STR_LONGITUDE, TIPO_MATERIAL_ID, TIPO_ESTRUTURA_ID, CONDICAO_FUNDACAO_ID,
        DT_DATA_CADASTRO, DT_DATA_ALTERACAO
    )
    VALUES (
        2, 'Barragem de Itaipu', 'Bacia do Rio Paraná', 'Rio Paraná',
        '1984', '40', 196.0, 7235.0, 15.0, 220.0,
        '-25.4500', '-54.6000', 2, 2, 1,
        GETDATE(), GETDATE()
    );
END

-- Barragem 3: Barragem de Três Marias (MG)
IF NOT EXISTS (SELECT 1 FROM BARRAGEM WHERE ID = 3)
BEGIN
    INSERT INTO BARRAGEM (
        ID, STR_Nome, STR_BACIA_HIDROGRAFICA_ABRANGENCIA, STR_CURSO_DAGUA_BARRADO,
        STR_ANO_CONCLUSAO, STR_IDADE_BARRAGEM, DB_ALTURA_MAXIMA, DB_COMPRIMENTO_COROAMENTO,
        DB_LARGURA_COROAMENTO_BARRAGEM, DB_COTA_COROAMENTO_BARRAGEM,
        STR_LATITUDE, STR_LONGITUDE, TIPO_MATERIAL_ID, TIPO_ESTRUTURA_ID, CONDICAO_FUNDACAO_ID,
        DT_DATA_CADASTRO, DT_DATA_ALTERACAO
    )
    VALUES (
        3, 'Barragem de Três Marias', 'Bacia do Rio São Francisco', 'Rio São Francisco',
        '1961', '63', 75.0, 2700.0, 10.0, 570.0,
        '-18.2167', '-45.2333', 2, 2, 2,
        GETDATE(), GETDATE()
    );
END

-- Barragem 4: Barragem de Furnas (MG)
IF NOT EXISTS (SELECT 1 FROM BARRAGEM WHERE ID = 4)
BEGIN
    INSERT INTO BARRAGEM (
        ID, STR_Nome, STR_BACIA_HIDROGRAFICA_ABRANGENCIA, STR_CURSO_DAGUA_BARRADO,
        STR_ANO_CONCLUSAO, STR_IDADE_BARRAGEM, DB_ALTURA_MAXIMA, DB_COMPRIMENTO_COROAMENTO,
        DB_LARGURA_COROAMENTO_BARRAGEM, DB_COTA_COROAMENTO_BARRAGEM,
        STR_LATITUDE, STR_LONGITUDE, TIPO_MATERIAL_ID, TIPO_ESTRUTURA_ID, CONDICAO_FUNDACAO_ID,
        DT_DATA_CADASTRO, DT_DATA_ALTERACAO
    )
    VALUES (
        4, 'Barragem de Furnas', 'Bacia do Rio Grande', 'Rio Grande',
        '1963', '61', 127.0, 554.0, 8.0, 768.0,
        '-20.6667', '-46.3167', 2, 2, 1,
        GETDATE(), GETDATE()
    );
END

-- Barragem 5: Barragem de Serra da Mesa (GO)
IF NOT EXISTS (SELECT 1 FROM BARRAGEM WHERE ID = 5)
BEGIN
    INSERT INTO BARRAGEM (
        ID, STR_Nome, STR_BACIA_HIDROGRAFICA_ABRANGENCIA, STR_CURSO_DAGUA_BARRADO,
        STR_ANO_CONCLUSAO, STR_IDADE_BARRAGEM, DB_ALTURA_MAXIMA, DB_COMPRIMENTO_COROAMENTO,
        DB_LARGURA_COROAMENTO_BARRAGEM, DB_COTA_COROAMENTO_BARRAGEM,
        STR_LATITUDE, STR_LONGITUDE, TIPO_MATERIAL_ID, TIPO_ESTRUTURA_ID, CONDICAO_FUNDACAO_ID,
        DT_DATA_CADASTRO, DT_DATA_ALTERACAO
    )
    VALUES (
        5, 'Barragem de Serra da Mesa', 'Bacia do Rio Tocantins', 'Rio Tocantins',
        '1998', '26', 154.0, 1544.0, 12.0, 460.0,
        '-13.8333', '-48.3000', 1, 1, 3,
        GETDATE(), GETDATE()
    );
END

-- Barragem 6: Barragem de Tucuruí (PA)
IF NOT EXISTS (SELECT 1 FROM BARRAGEM WHERE ID = 6)
BEGIN
    INSERT INTO BARRAGEM (
        ID, STR_Nome, STR_BACIA_HIDROGRAFICA_ABRANGENCIA, STR_CURSO_DAGUA_BARRADO,
        STR_ANO_CONCLUSAO, STR_IDADE_BARRAGEM, DB_ALTURA_MAXIMA, DB_COMPRIMENTO_COROAMENTO,
        DB_LARGURA_COROAMENTO_BARRAGEM, DB_COTA_COROAMENTO_BARRAGEM,
        STR_LATITUDE, STR_LONGITUDE, TIPO_MATERIAL_ID, TIPO_ESTRUTURA_ID, CONDICAO_FUNDACAO_ID,
        DT_DATA_CADASTRO, DT_DATA_ALTERACAO
    )
    VALUES (
        6, 'Barragem de Tucuruí', 'Bacia do Rio Tocantins', 'Rio Tocantins',
        '1984', '40', 78.0, 11000.0, 14.0, 72.0,
        '-3.8333', '-49.6667', 1, 1, 4,
        GETDATE(), GETDATE()
    );
END

-- Barragem 7: Barragem de Paulo Afonso (BA)
IF NOT EXISTS (SELECT 1 FROM BARRAGEM WHERE ID = 7)
BEGIN
    INSERT INTO BARRAGEM (
        ID, STR_Nome, STR_BACIA_HIDROGRAFICA_ABRANGENCIA, STR_CURSO_DAGUA_BARRADO,
        STR_ANO_CONCLUSAO, STR_IDADE_BARRAGEM, DB_ALTURA_MAXIMA, DB_COMPRIMENTO_COROAMENTO,
        DB_LARGURA_COROAMENTO_BARRAGEM, DB_COTA_COROAMENTO_BARRAGEM,
        STR_LATITUDE, STR_LONGITUDE, TIPO_MATERIAL_ID, TIPO_ESTRUTURA_ID, CONDICAO_FUNDACAO_ID,
        DT_DATA_CADASTRO, DT_DATA_ALTERACAO
    )
    VALUES (
        7, 'Barragem de Paulo Afonso', 'Bacia do Rio São Francisco', 'Rio São Francisco',
        '1954', '70', 33.0, 450.0, 8.0, 243.0,
        '-9.4000', '-38.2167', 2, 2, 1,
        GETDATE(), GETDATE()
    );
END

-- Barragem 8: Barragem de Emborcação (MG)
IF NOT EXISTS (SELECT 1 FROM BARRAGEM WHERE ID = 8)
BEGIN
    INSERT INTO BARRAGEM (
        ID, STR_Nome, STR_BACIA_HIDROGRAFICA_ABRANGENCIA, STR_CURSO_DAGUA_BARRADO,
        STR_ANO_CONCLUSAO, STR_IDADE_BARRAGEM, DB_ALTURA_MAXIMA, DB_COMPRIMENTO_COROAMENTO,
        DB_LARGURA_COROAMENTO_BARRAGEM, DB_COTA_COROAMENTO_BARRAGEM,
        STR_LATITUDE, STR_LONGITUDE, TIPO_MATERIAL_ID, TIPO_ESTRUTURA_ID, CONDICAO_FUNDACAO_ID,
        DT_DATA_CADASTRO, DT_DATA_ALTERACAO
    )
    VALUES (
        8, 'Barragem de Emborcação', 'Bacia do Rio Paranaíba', 'Rio Paranaíba',
        '1982', '42', 158.0, 1500.0, 10.0, 700.0,
        '-18.5833', '-47.9167', 1, 1, 2,
        GETDATE(), GETDATE()
    );
END

-- Barragem 9: Barragem de Água Vermelha (SP/MG)
IF NOT EXISTS (SELECT 1 FROM BARRAGEM WHERE ID = 9)
BEGIN
    INSERT INTO BARRAGEM (
        ID, STR_Nome, STR_BACIA_HIDROGRAFICA_ABRANGENCIA, STR_CURSO_DAGUA_BARRADO,
        STR_ANO_CONCLUSAO, STR_IDADE_BARRAGEM, DB_ALTURA_MAXIMA, DB_COMPRIMENTO_COROAMENTO,
        DB_LARGURA_COROAMENTO_BARRAGEM, DB_COTA_COROAMENTO_BARRAGEM,
        STR_LATITUDE, STR_LONGITUDE, TIPO_MATERIAL_ID, TIPO_ESTRUTURA_ID, CONDICAO_FUNDACAO_ID,
        DT_DATA_CADASTRO, DT_DATA_ALTERACAO
    )
    VALUES (
        9, 'Barragem de Água Vermelha', 'Bacia do Rio Grande', 'Rio Grande',
        '1979', '45', 67.0, 3500.0, 9.0, 500.0,
        '-20.0500', '-48.6167', 2, 2, 1,
        GETDATE(), GETDATE()
    );
END

-- Barragem 10: Barragem de Ilha Solteira (SP)
IF NOT EXISTS (SELECT 1 FROM BARRAGEM WHERE ID = 10)
BEGIN
    INSERT INTO BARRAGEM (
        ID, STR_Nome, STR_BACIA_HIDROGRAFICA_ABRANGENCIA, STR_CURSO_DAGUA_BARRADO,
        STR_ANO_CONCLUSAO, STR_IDADE_BARRAGEM, DB_ALTURA_MAXIMA, DB_COMPRIMENTO_COROAMENTO,
        DB_LARGURA_COROAMENTO_BARRAGEM, DB_COTA_COROAMENTO_BARRAGEM,
        STR_LATITUDE, STR_LONGITUDE, TIPO_MATERIAL_ID, TIPO_ESTRUTURA_ID, CONDICAO_FUNDACAO_ID,
        DT_DATA_CADASTRO, DT_DATA_ALTERACAO
    )
    VALUES (
        10, 'Barragem de Ilha Solteira', 'Bacia do Rio Paraná', 'Rio Paraná',
        '1973', '51', 75.0, 5500.0, 11.0, 328.0,
        '-20.3833', '-51.3500', 2, 2, 1,
        GETDATE(), GETDATE()
    );
END

GO

-- ============================================
-- Verificar dados inseridos
-- ============================================
SELECT 'TIPO_MATERIAL_BARRAGEM' AS Tabela, COUNT(*) AS Total FROM TIPO_MATERIAL_BARRAGEM
UNION ALL
SELECT 'TIPO_ESTRUTURA_BARRAGEM', COUNT(*) FROM TIPO_ESTRUTURA_BARRAGEM
UNION ALL
SELECT 'CONDICAO_FUNDACAO', COUNT(*) FROM CONDICAO_FUNDACAO
UNION ALL
SELECT 'BARRAGEM', COUNT(*) FROM BARRAGEM;

PRINT 'Dados de exemplo inseridos com sucesso!';
PRINT 'Total de barragens: ' + CAST((SELECT COUNT(*) FROM BARRAGEM) AS VARCHAR);

